target,score,n,auroc,lo90,hi90
egfr,b_iptm,60,0.73,0.618,0.837
egfr,b_ipsae_min,60,0.703,0.586,0.822
egfr,b_ipsae_max,60,0.742,0.624,0.844
egfr,ptx05_fast_iptm,60,0.649,0.535,0.769
egfr,ptx05_fast_rank,60,0.648,0.534,0.757
egfr,ptx05_fast_ipsae_min,60,0.567,0.481,0.674
egfr,ptx05_fast_ipsae_max,60,0.579,0.463,0.688
egfr,ptx_v1_iptm,45,0.578,0.399,0.741
egfr,ptx_v1_rank,45,0.589,0.418,0.74
egfr,ptx_v1_ipsae_min,45,0.553,0.414,0.685
egfr,ptx_v1_ipsae_max,45,0.554,0.421,0.7
egfr,ptx_v2_iptm,60,0.703,0.589,0.818
egfr,ptx_v2_rank,60,0.703,0.577,0.818
egfr,ptx_v2_ipsae_min,60,0.601,0.486,0.714
egfr,ptx_v2_ipsae_max,60,0.667,0.548,0.785
il7r,b_iptm,60,0.62,0.499,0.75
il7r,b_ipsae_min,60,0.564,0.454,0.676
il7r,b_ipsae_max,60,0.609,0.501,0.731
il7r,ptx05_fast_iptm,60,0.629,0.509,0.749
il7r,ptx05_fast_rank,60,0.633,0.509,0.748
il7r,ptx05_fast_ipsae_min,60,0.599,0.471,0.723
il7r,ptx05_fast_ipsae_max,60,0.63,0.52,0.739
il7r,ptx_v1_iptm,60,0.682,0.565,0.795
il7r,ptx_v1_rank,60,0.676,0.567,0.792
il7r,ptx_v1_ipsae_min,60,0.619,0.509,0.738
il7r,ptx_v1_ipsae_max,60,0.626,0.518,0.761
il7r,ptx_v2_iptm,60,0.728,0.606,0.833
il7r,ptx_v2_rank,60,0.726,0.611,0.83
il7r,ptx_v2_ipsae_min,60,0.701,0.586,0.808
il7r,ptx_v2_ipsae_max,60,0.71,0.595,0.822
mdm2,b_iptm,26,0.921,0.791,1.0
mdm2,b_ipsae_min,26,0.927,0.821,1.0
mdm2,b_ipsae_max,26,0.885,0.756,0.976
mdm2,ptx05_fast_iptm,26,0.721,0.558,0.876
mdm2,ptx05_fast_rank,26,0.703,0.551,0.867
mdm2,ptx05_fast_ipsae_min,26,0.661,0.47,0.838
mdm2,ptx05_fast_ipsae_max,26,0.697,0.474,0.863
mdm2,ptx_v1_iptm,26,0.558,0.333,0.764
mdm2,ptx_v1_rank,26,0.552,0.327,0.781
mdm2,ptx_v1_ipsae_min,26,0.588,0.361,0.806
mdm2,ptx_v1_ipsae_max,26,0.594,0.379,0.806
mdm2,ptx_v2_iptm,26,0.752,0.583,0.909
mdm2,ptx_v2_rank,26,0.733,0.542,0.9
mdm2,ptx_v2_ipsae_min,26,0.818,0.673,0.939
mdm2,ptx_v2_ipsae_max,26,0.788,0.63,0.911
pd-l1,b_iptm,60,0.736,0.616,0.836
pd-l1,b_ipsae_min,60,0.742,0.636,0.845
pd-l1,b_ipsae_max,60,0.756,0.661,0.849
pd-l1,ptx05_fast_iptm,60,0.694,0.568,0.808
pd-l1,ptx05_fast_rank,60,0.694,0.572,0.806
pd-l1,ptx05_fast_ipsae_min,60,0.704,0.586,0.814
pd-l1,ptx05_fast_ipsae_max,60,0.706,0.585,0.811
pd-l1,ptx_v1_iptm,60,0.73,0.614,0.833
pd-l1,ptx_v1_rank,60,0.729,0.613,0.834
pd-l1,ptx_v1_ipsae_min,60,0.781,0.67,0.88
pd-l1,ptx_v1_ipsae_max,60,0.742,0.624,0.838
pd-l1,ptx_v2_iptm,60,0.802,0.697,0.902
pd-l1,ptx_v2_rank,60,0.808,0.705,0.898
pd-l1,ptx_v2_ipsae_min,60,0.838,0.742,0.914
pd-l1,ptx_v2_ipsae_max,60,0.824,0.724,0.906
POOLED,b_iptm,206,0.715,0.65,0.772
POOLED,b_ipsae_min,206,0.671,0.61,0.732
POOLED,b_ipsae_max,206,0.726,0.669,0.783
POOLED,ptx05_fast_iptm,206,0.653,0.591,0.708
POOLED,ptx05_fast_rank,206,0.65,0.591,0.709
POOLED,ptx05_fast_ipsae_min,206,0.625,0.557,0.686
POOLED,ptx05_fast_ipsae_max,206,0.631,0.567,0.696
POOLED,ptx_v1_iptm,191,0.587,0.519,0.65
POOLED,ptx_v1_rank,191,0.589,0.524,0.664
POOLED,ptx_v1_ipsae_min,191,0.578,0.511,0.643
POOLED,ptx_v1_ipsae_max,191,0.588,0.516,0.653
POOLED,ptx_v2_iptm,206,0.701,0.64,0.757
POOLED,ptx_v2_rank,206,0.696,0.635,0.754
POOLED,ptx_v2_ipsae_min,206,0.665,0.602,0.728
POOLED,ptx_v2_ipsae_max,206,0.69,0.627,0.75
