probe,band,w,stat,side,pooled,pd-l1,il7r,mdm2,egfr
1.4,1.5,0.2,median,both,0.6446958981612447,0.5911111111111111,0.6488888888888888,0.703030303030303,0.6711111111111111
1.4,1.5,0.2,median,binder,0.6606789250353606,0.6588888888888889,0.6777777777777778,0.7272727272727273,0.6211111111111111
1.4,1.5,0.2,median,target,0.6064120697784064,0.4955555555555556,0.5955555555555555,0.703030303030303,0.69
1.4,1.5,0.2,mean,both,0.648043375766148,0.5777777777777777,0.7144444444444444,0.6848484848484848,0.6388888888888888
1.4,1.5,0.2,mean,binder,0.6643564356435644,0.6444444444444445,0.7188888888888889,0.7454545454545455,0.5977777777777777
1.4,1.5,0.2,mean,target,0.6132013201320132,0.5166666666666667,0.6477777777777778,0.6363636363636364,0.6677777777777778
1.4,1.5,0.2,frac>0.5,both,0.6454974068835455,0.5733333333333334,0.7,0.7090909090909091,0.6388888888888888
1.4,1.5,0.2,frac>0.5,binder,0.6595473833097596,0.6422222222222222,0.7211111111111111,0.7393939393939394,0.5855555555555556
1.4,1.5,0.2,frac>0.5,target,0.6027817067421027,0.5011111111111111,0.6344444444444445,0.6484848484848484,0.6555555555555556
1.4,1.5,0.2,p25,both,0.6451673738802451,0.5722222222222222,0.6922222222222222,0.7090909090909091,0.6466666666666666
1.4,1.5,0.2,p25,binder,0.6582272512965582,0.6388888888888888,0.7155555555555555,0.7454545454545455,0.5866666666666667
1.4,1.5,0.2,p25,target,0.6029231494578029,0.49444444444444446,0.6377777777777778,0.6484848484848484,0.66
1.4,1.5,0.5,median,both,0.6457331447430458,0.5577777777777778,0.6833333333333333,0.7151515151515152,0.6688888888888889
1.4,1.5,0.5,median,binder,0.6663366336633664,0.6344444444444445,0.7288888888888889,0.7212121212121212,0.6155555555555555
1.4,1.5,0.5,median,target,0.5994813767090995,0.47555555555555556,0.6055555555555555,0.6848484848484848,0.6811111111111111
1.4,1.5,0.5,mean,both,0.6518151815181518,0.5722222222222222,0.7144444444444444,0.6787878787878788,0.66
1.4,1.5,0.5,mean,binder,0.6720414898632721,0.6333333333333333,0.7433333333333333,0.7272727272727273,0.6188888888888889
1.4,1.5,0.5,mean,target,0.6071664309288072,0.4955555555555556,0.6322222222222222,0.6666666666666666,0.67
1.4,1.5,0.5,frac>0.5,both,0.639038189533239,0.5366666666666666,0.6844444444444444,0.7090909090909091,0.6688888888888889
1.4,1.5,0.5,frac>0.5,binder,0.6617161716171617,0.6344444444444445,0.7055555555555556,0.7272727272727273,0.62
1.4,1.5,0.5,frac>0.5,target,0.5937765205091938,0.4588888888888889,0.6,0.6909090909090909,0.6833333333333333
1.4,1.5,0.5,p25,both,0.6371051390853371,0.5355555555555556,0.6866666666666666,0.7090909090909091,0.6611111111111111
1.4,1.5,0.5,p25,binder,0.6542197076850542,0.6144444444444445,0.7088888888888889,0.7212121212121212,0.6133333333333333
1.4,1.5,0.5,p25,target,0.597029702970297,0.46,0.6188888888888889,0.6787878787878788,0.68
1.4,1.5,1.0,median,both,0.6326261197548326,0.5655555555555556,0.6911111111111111,0.6606060606060606,0.6322222222222222
1.4,1.5,1.0,median,binder,0.6568599717114568,0.6133333333333333,0.7477777777777778,0.6787878787878788,0.6033333333333334
1.4,1.5,1.0,median,target,0.5905704856199906,0.4955555555555556,0.6177777777777778,0.6484848484848484,0.6344444444444445
1.4,1.5,1.0,mean,both,0.6511079679396511,0.5755555555555556,0.7177777777777777,0.6606060606060606,0.6577777777777778
1.4,1.5,1.0,mean,binder,0.6696841112682697,0.6277777777777778,0.7522222222222222,0.6909090909090909,0.6233333333333333
1.4,1.5,1.0,mean,target,0.6074493163602075,0.5088888888888888,0.6377777777777778,0.6606060606060606,0.6566666666666666
1.4,1.5,1.0,frac>0.5,both,0.6305516265912305,0.5666666666666667,0.7077777777777777,0.5878787878787879,0.6366666666666667
1.4,1.5,1.0,frac>0.5,binder,0.6526166902404527,0.6044444444444445,0.7533333333333333,0.6484848484848484,0.6033333333333334
1.4,1.5,1.0,frac>0.5,target,0.5931164545025931,0.5088888888888888,0.6211111111111111,0.6121212121212121,0.6444444444444445
1.4,1.5,1.0,p25,both,0.6261197548326262,0.5133333333333333,0.6611111111111111,0.7272727272727273,0.6633333333333333
1.4,1.5,1.0,p25,binder,0.6418198962753419,0.5977777777777777,0.6788888888888889,0.7151515151515152,0.6211111111111111
1.4,1.5,1.0,p25,target,0.589014615747289,0.4411111111111111,0.5955555555555555,0.7333333333333333,0.6711111111111111
1.4,0.0,0.2,median,both,0.6130598774163131,0.6522222222222223,0.5233333333333333,0.6242424242424243,0.6611111111111111
1.4,0.0,0.2,median,binder,0.6072135785007072,0.6766666666666666,0.4888888888888889,0.6484848484848484,0.64
1.4,0.0,0.2,median,target,0.6013201320132013,0.6033333333333334,0.5277777777777778,0.6181818181818182,0.6666666666666666
1.4,0.0,0.2,mean,both,0.6081093823668081,0.6322222222222222,0.57,0.593939393939394,0.63
1.4,0.0,0.2,mean,binder,0.5893917963224894,0.6277777777777778,0.5155555555555555,0.6181818181818182,0.6155555555555555
1.4,0.0,0.2,mean,target,0.6021216407355021,0.6044444444444445,0.5911111111111111,0.5393939393939394,0.64
1.4,0.0,0.2,frac>0.5,both,0.6096652522395096,0.6522222222222223,0.5266666666666666,0.6060606060606061,0.6533333333333333
1.4,0.0,0.2,frac>0.5,binder,0.5978783592644978,0.6544444444444445,0.49444444444444446,0.6181818181818182,0.6377777777777778
1.4,0.0,0.2,frac>0.5,target,0.6053748231966054,0.6122222222222222,0.5488888888888889,0.6060606060606061,0.6566666666666666
1.4,0.0,0.2,p25,both,0.597029702970297,0.6133333333333333,0.5477777777777778,0.593939393939394,0.6344444444444445
1.4,0.0,0.2,p25,binder,0.5785478547854785,0.6166666666666667,0.4955555555555556,0.6121212121212121,0.61
1.4,0.0,0.2,p25,target,0.5984912776991985,0.6055555555555555,0.5822222222222222,0.5333333333333333,0.6366666666666667
1.4,0.0,0.5,median,both,0.6102781706742103,0.6466666666666666,0.5122222222222222,0.6303030303030303,0.6666666666666666
1.4,0.0,0.5,median,binder,0.6144743045733144,0.6822222222222222,0.5044444444444445,0.6424242424242425,0.6477777777777778
1.4,0.0,0.5,median,target,0.6033946251768034,0.6055555555555555,0.5233333333333333,0.6424242424242425,0.6677777777777778
1.4,0.0,0.5,mean,both,0.6164545025931164,0.6555555555555556,0.5577777777777778,0.593939393939394,0.6477777777777778
1.4,0.0,0.5,mean,binder,0.6123055162659123,0.6733333333333333,0.5255555555555556,0.6181818181818182,0.6377777777777778
1.4,0.0,0.5,mean,target,0.6084394153701085,0.6288888888888889,0.5588888888888889,0.5636363636363636,0.6577777777777778
1.4,0.0,0.5,frac>0.5,both,0.6166902404526167,0.6533333333333333,0.5266666666666666,0.6242424242424243,0.6711111111111111
1.4,0.0,0.5,frac>0.5,binder,0.621027817067421,0.6855555555555556,0.5233333333333333,0.6303030303030303,0.6533333333333333
1.4,0.0,0.5,frac>0.5,target,0.6072607260726073,0.6044444444444445,0.5255555555555556,0.6363636363636364,0.6811111111111111
1.4,0.0,0.5,p25,both,0.5932578972182933,0.6266666666666667,0.5077777777777778,0.6121212121212121,0.6388888888888888
1.4,0.0,0.5,p25,binder,0.5808580858085809,0.6355555555555555,0.45666666666666667,0.6303030303030303,0.6322222222222222
1.4,0.0,0.5,p25,target,0.59005186232909,0.6011111111111112,0.5344444444444445,0.5818181818181818,0.6388888888888888
1.4,0.0,1.0,median,both,0.6155115511551155,0.6566666666666666,0.5022222222222222,0.6545454545454545,0.6733333333333333
1.4,0.0,1.0,median,binder,0.6162187647336163,0.6877777777777778,0.49,0.6484848484848484,0.66
1.4,0.0,1.0,median,target,0.6035360678925036,0.6077777777777778,0.5266666666666666,0.6303030303030303,0.6666666666666666
1.4,0.0,1.0,mean,both,0.6219236209335219,0.6744444444444444,0.5566666666666666,0.5878787878787879,0.6522222222222223
1.4,0.0,1.0,mean,binder,0.628948609146629,0.6966666666666667,0.55,0.6363636363636364,0.6411111111111111
1.4,0.0,1.0,mean,target,0.6152758132956153,0.6444444444444445,0.55,0.593939393939394,0.6633333333333333
1.4,0.0,1.0,frac>0.5,both,0.6305987741631306,0.6855555555555556,0.5766666666666667,0.5878787878787879,0.65
1.4,0.0,1.0,frac>0.5,binder,0.6445073078736445,0.7122222222222222,0.5933333333333334,0.6303030303030303,0.6377777777777778
1.4,0.0,1.0,frac>0.5,target,0.6208863743517209,0.6477777777777778,0.56,0.6060606060606061,0.6622222222222223
1.4,0.0,1.0,p25,both,0.5978312116925978,0.6566666666666666,0.4777777777777778,0.6242424242424243,0.6511111111111111
1.4,0.0,1.0,p25,binder,0.5885902876001886,0.6522222222222223,0.4444444444444444,0.6363636363636364,0.6522222222222223
1.4,0.0,1.0,p25,target,0.600990099009901,0.6322222222222222,0.5166666666666667,0.6424242424242425,0.6388888888888888
1.4,0.8,0.2,median,both,0.6214521452145214,0.6277777777777778,0.5822222222222222,0.6484848484848484,0.6455555555555555
1.4,0.8,0.2,median,binder,0.6327675624705328,0.6633333333333333,0.6033333333333334,0.6666666666666666,0.6211111111111111
1.4,0.8,0.2,median,target,0.607967939651108,0.5755555555555556,0.5722222222222222,0.6484848484848484,0.6611111111111111
1.4,0.8,0.2,mean,both,0.6274870344177275,0.6133333333333333,0.6522222222222223,0.6242424242424243,0.6211111111111111
1.4,0.8,0.2,mean,binder,0.6270627062706271,0.6266666666666667,0.6322222222222222,0.7151515151515152,0.5877777777777777
1.4,0.8,0.2,mean,target,0.6124941065535124,0.5877777777777777,0.6344444444444445,0.5696969696969697,0.6355555555555555
1.4,0.8,0.2,frac>0.5,both,0.6212164073550213,0.6166666666666667,0.6166666666666667,0.6787878787878788,0.6088888888888889
1.4,0.8,0.2,frac>0.5,binder,0.6231494578029232,0.6477777777777778,0.6044444444444445,0.7272727272727273,0.5766666666666667
1.4,0.8,0.2,frac>0.5,target,0.609005186232909,0.5955555555555555,0.5977777777777777,0.6060606060606061,0.6366666666666667
1.4,0.8,0.2,p25,both,0.6212635549269213,0.61,0.6322222222222222,0.6666666666666666,0.6044444444444445
1.4,0.8,0.2,p25,binder,0.6225365393682225,0.6411111111111111,0.61,0.7272727272727273,0.5744444444444444
1.4,0.8,0.2,p25,target,0.607024988213107,0.5911111111111111,0.6111111111111112,0.593939393939394,0.6255555555555555
1.4,0.8,0.5,median,both,0.6258368694012258,0.6288888888888889,0.6022222222222222,0.6303030303030303,0.6477777777777778
1.4,0.8,0.5,median,binder,0.6353606789250353,0.6511111111111111,0.6311111111111111,0.6424242424242425,0.6233333333333333
1.4,0.8,0.5,median,target,0.6044790193305045,0.5677777777777778,0.5722222222222222,0.6363636363636364,0.6611111111111111
1.4,0.8,0.5,mean,both,0.6374351720886374,0.6311111111111111,0.64,0.6424242424242425,0.6422222222222222
1.4,0.8,0.5,mean,binder,0.6388967468175389,0.6555555555555556,0.6444444444444445,0.6545454545454545,0.6111111111111112
1.4,0.8,0.5,mean,target,0.6158887317303159,0.5977777777777777,0.6155555555555555,0.593939393939394,0.6466666666666666
1.4,0.8,0.5,frac>0.5,both,0.6258368694012258,0.6255555555555555,0.6,0.6363636363636364,0.65
1.4,0.8,0.5,frac>0.5,binder,0.6312588401697312,0.6611111111111111,0.6155555555555555,0.6303030303030303,0.62
1.4,0.8,0.5,frac>0.5,target,0.6086280056577086,0.5733333333333334,0.5744444444444444,0.6363636363636364,0.6688888888888889
1.4,0.8,0.5,p25,both,0.6198491277699198,0.6222222222222222,0.5955555555555555,0.6545454545454545,0.63
1.4,0.8,0.5,p25,binder,0.6240452616690241,0.6455555555555555,0.6033333333333334,0.6787878787878788,0.6022222222222222
1.4,0.8,0.5,p25,target,0.5986798679867987,0.5777777777777777,0.5755555555555556,0.6181818181818182,0.6344444444444445
1.4,0.8,1.0,median,both,0.6292786421499292,0.6388888888888888,0.6022222222222222,0.6606060606060606,0.6355555555555555
1.4,0.8,1.0,median,binder,0.64002828854314,0.68,0.6433333333333333,0.6303030303030303,0.6055555555555555
1.4,0.8,1.0,median,target,0.6106553512494106,0.5888888888888889,0.5755555555555556,0.6363636363636364,0.6577777777777778
1.4,0.8,1.0,mean,both,0.6384724186704385,0.6377777777777778,0.6444444444444445,0.6363636363636364,0.6377777777777778
1.4,0.8,1.0,mean,binder,0.6404054691183404,0.6622222222222223,0.66,0.6121212121212121,0.6133333333333333
1.4,0.8,1.0,mean,target,0.6155115511551155,0.5977777777777777,0.6144444444444445,0.5818181818181818,0.6511111111111111
1.4,0.8,1.0,frac>0.5,both,0.6337105139085337,0.6444444444444445,0.6444444444444445,0.6060606060606061,0.6255555555555555
1.4,0.8,1.0,frac>0.5,binder,0.6427628477133428,0.67,0.6677777777777778,0.6181818181818182,0.6044444444444445
1.4,0.8,1.0,frac>0.5,target,0.6118340405469118,0.5988888888888889,0.6011111111111112,0.593939393939394,0.6444444444444445
1.4,0.8,1.0,p25,both,0.6074493163602075,0.5988888888888889,0.5711111111111111,0.6363636363636364,0.6411111111111111
1.4,0.8,1.0,p25,binder,0.6192833569071193,0.6466666666666666,0.5744444444444444,0.6484848484848484,0.6266666666666667
1.4,0.8,1.0,p25,target,0.5916548797736917,0.5377777777777778,0.5622222222222222,0.6666666666666666,0.6455555555555555
1.7,1.5,0.2,median,both,0.6115983026874116,0.6055555555555555,0.5711111111111111,0.6363636363636364,0.65
1.7,1.5,0.2,median,binder,0.6265440829797265,0.6488888888888888,0.6177777777777778,0.6181818181818182,0.62
1.7,1.5,0.2,median,target,0.5834040546911834,0.5277777777777778,0.5222222222222223,0.6545454545454545,0.6711111111111111
1.7,1.5,0.2,mean,both,0.6136727958510136,0.5966666666666667,0.6177777777777778,0.6181818181818182,0.6277777777777778
1.7,1.5,0.2,mean,binder,0.6157001414427157,0.6122222222222222,0.6266666666666667,0.6424242424242425,0.5977777777777777
1.7,1.5,0.2,mean,target,0.5972654408297973,0.5766666666666667,0.5766666666666667,0.593939393939394,0.6411111111111111
1.7,1.5,0.2,frac>0.5,both,0.6034889203206035,0.5888888888888889,0.5877777777777777,0.6242424242424243,0.6266666666666667
1.7,1.5,0.2,frac>0.5,binder,0.6119283356907119,0.63,0.5944444444444444,0.6363636363636364,0.6044444444444445
1.7,1.5,0.2,frac>0.5,target,0.6015087223008015,0.5722222222222222,0.56,0.6424242424242425,0.6555555555555556
1.7,1.5,0.2,p25,both,0.6140499764262141,0.6066666666666667,0.5955555555555555,0.6303030303030303,0.6344444444444445
1.7,1.5,0.2,p25,binder,0.6111739745403112,0.6166666666666667,0.5922222222222222,0.6424242424242425,0.6122222222222222
1.7,1.5,0.2,p25,target,0.6053276756247054,0.5755555555555556,0.5722222222222222,0.6424242424242425,0.6533333333333333
1.7,1.5,0.5,median,both,0.6012258368694012,0.5733333333333334,0.5822222222222222,0.6484848484848484,0.6311111111111111
1.7,1.5,0.5,median,binder,0.6193776520509193,0.6188888888888889,0.6444444444444445,0.593939393939394,0.6088888888888889
1.7,1.5,0.5,median,target,0.5718057520037718,0.5122222222222222,0.5133333333333333,0.6545454545454545,0.6566666666666666
1.7,1.5,0.5,mean,both,0.6052805280528053,0.5922222222222222,0.6066666666666667,0.5878787878787879,0.6255555555555555
1.7,1.5,0.5,mean,binder,0.6111268269684111,0.6055555555555555,0.6411111111111111,0.5818181818181818,0.6011111111111112
1.7,1.5,0.5,mean,target,0.5831211692597831,0.5444444444444444,0.5422222222222223,0.6181818181818182,0.65
1.7,1.5,0.5,frac>0.5,both,0.5996228194247997,0.5666666666666667,0.5733333333333334,0.6484848484848484,0.64
1.7,1.5,0.5,frac>0.5,binder,0.6065063649222066,0.5933333333333334,0.6277777777777778,0.5818181818181818,0.6111111111111112
1.7,1.5,0.5,frac>0.5,target,0.5745403111739745,0.5122222222222222,0.5044444444444445,0.6545454545454545,0.6755555555555556
1.7,1.5,0.5,p25,both,0.59005186232909,0.5466666666666666,0.57,0.6606060606060606,0.6266666666666667
1.7,1.5,0.5,p25,binder,0.5854314002828854,0.5611111111111111,0.5933333333333334,0.5696969696969697,0.61
1.7,1.5,0.5,p25,target,0.5895332390381895,0.5255555555555556,0.5455555555555556,0.6848484848484848,0.6588888888888889
1.7,1.5,1.0,median,both,0.5768505421970769,0.5244444444444445,0.58,0.6060606060606061,0.6155555555555555
1.7,1.5,1.0,median,binder,0.598019801980198,0.5722222222222222,0.6511111111111111,0.5818181818181818,0.5811111111111111
1.7,1.5,1.0,median,target,0.545025931164545,0.46555555555555556,0.5066666666666667,0.593939393939394,0.6422222222222222
1.7,1.5,1.0,mean,both,0.598019801980198,0.57,0.6055555555555555,0.6,0.6211111111111111
1.7,1.5,1.0,mean,binder,0.6062234794908062,0.5811111111111111,0.6577777777777778,0.5696969696969697,0.5977777777777777
1.7,1.5,1.0,mean,target,0.567939651107968,0.5166666666666667,0.5344444444444445,0.593939393939394,0.6433333333333333
1.7,1.5,1.0,frac>0.5,both,0.5992927864214993,0.5788888888888889,0.6277777777777778,0.5515151515151515,0.6133333333333333
1.7,1.5,1.0,frac>0.5,binder,0.6145214521452145,0.5911111111111111,0.6833333333333333,0.5757575757575758,0.5877777777777777
1.7,1.5,1.0,frac>0.5,target,0.5700612918434701,0.5211111111111111,0.5433333333333333,0.5636363636363636,0.6488888888888888
1.7,1.5,1.0,p25,both,0.5765676567656766,0.5211111111111111,0.5511111111111111,0.6606060606060606,0.6244444444444445
1.7,1.5,1.0,p25,binder,0.5588401697312588,0.5122222222222222,0.58,0.5515151515151515,0.5888888888888889
1.7,1.5,1.0,p25,target,0.5702970297029702,0.4811111111111111,0.53,0.6666666666666666,0.66
1.0,1.5,0.2,median,both,0.5491277699198491,0.48,0.5244444444444445,0.5878787878787879,0.6266666666666667
1.0,1.5,0.2,median,binder,0.5584158415841585,0.5,0.5477777777777778,0.6363636363636364,0.5944444444444444
1.0,1.5,0.2,median,target,0.5516265912305516,0.48333333333333334,0.5233333333333333,0.5454545454545454,0.6522222222222223
1.0,1.5,0.2,mean,both,0.5557755775577558,0.4866666666666667,0.5488888888888889,0.6303030303030303,0.6022222222222222
1.0,1.5,0.2,mean,binder,0.5494578029231495,0.49,0.5611111111111111,0.6666666666666666,0.5488888888888889
1.0,1.5,0.2,mean,target,0.5828382838283829,0.5122222222222222,0.5722222222222222,0.5878787878787879,0.6633333333333333
1.0,1.5,0.2,frac>0.5,both,0.5408297972654408,0.51,0.5088888888888888,0.6242424242424243,0.57
1.0,1.5,0.2,frac>0.5,binder,0.5404526166902405,0.49777777777777776,0.5388888888888889,0.6848484848484848,0.5244444444444445
1.0,1.5,0.2,frac>0.5,target,0.5697784064120698,0.5133333333333333,0.54,0.593939393939394,0.6488888888888888
1.0,1.5,0.2,p25,both,0.5432343234323432,0.5122222222222222,0.5033333333333333,0.6545454545454545,0.5688888888888889
1.0,1.5,0.2,p25,binder,0.5445073078736445,0.5,0.53,0.696969696969697,0.54
1.0,1.5,0.2,p25,target,0.5586044318717586,0.5055555555555555,0.5088888888888888,0.6060606060606061,0.6433333333333333
1.0,1.5,0.5,median,both,0.5598774163130599,0.5211111111111111,0.5766666666666667,0.5151515151515151,0.6022222222222222
1.0,1.5,0.5,median,binder,0.5587930221593588,0.5255555555555556,0.6111111111111112,0.49696969696969695,0.5666666666666667
1.0,1.5,0.5,median,target,0.5638378123526638,0.5188888888888888,0.5555555555555556,0.5272727272727272,0.6344444444444445
1.0,1.5,0.5,mean,both,0.5738802451673739,0.5233333333333333,0.6011111111111112,0.593939393939394,0.5911111111111111
1.0,1.5,0.5,mean,binder,0.5607732201791608,0.5088888888888888,0.5977777777777777,0.6060606060606061,0.5577777777777778
1.0,1.5,0.5,mean,target,0.5835926449787836,0.52,0.5877777777777777,0.6,0.64
1.0,1.5,0.5,frac>0.5,both,0.5497406883545497,0.5088888888888888,0.5455555555555556,0.5818181818181818,0.5822222222222222
1.0,1.5,0.5,frac>0.5,binder,0.5382838283828383,0.5177777777777778,0.5577777777777778,0.5575757575757576,0.5311111111111111
1.0,1.5,0.5,frac>0.5,target,0.5496935407826496,0.48333333333333334,0.5266666666666666,0.5696969696969697,0.6333333333333333
1.0,1.5,0.5,p25,both,0.5513908533710514,0.5044444444444445,0.5577777777777778,0.593939393939394,0.5755555555555556
1.0,1.5,0.5,p25,binder,0.5355492692126356,0.5155555555555555,0.5533333333333333,0.593939393939394,0.5155555555555555
1.0,1.5,0.5,p25,target,0.5702027345591703,0.49,0.5666666666666667,0.6,0.6433333333333333
1.0,1.5,1.0,median,both,0.5624705327675624,0.5566666666666666,0.6133333333333333,0.47878787878787876,0.5544444444444444
1.0,1.5,1.0,median,binder,0.5557284299858557,0.5411111111111111,0.6344444444444445,0.4909090909090909,0.52
1.0,1.5,1.0,median,target,0.5735502121640735,0.5455555555555556,0.6011111111111112,0.5272727272727272,0.5955555555555555
1.0,1.5,1.0,mean,both,0.5792550683639792,0.5366666666666666,0.6211111111111111,0.5818181818181818,0.5811111111111111
1.0,1.5,1.0,mean,binder,0.5676096181046676,0.5322222222222223,0.63,0.5515151515151515,0.5477777777777778
1.0,1.5,1.0,mean,target,0.5815181518151815,0.5166666666666667,0.6044444444444445,0.593939393939394,0.6211111111111111
1.0,1.5,1.0,frac>0.5,both,0.5500707213578501,0.5266666666666666,0.6133333333333333,0.46060606060606063,0.55
1.0,1.5,1.0,frac>0.5,binder,0.5462046204620462,0.5411111111111111,0.6255555555555555,0.44242424242424244,0.5166666666666667
1.0,1.5,1.0,frac>0.5,target,0.547053276756247,0.5077777777777778,0.58,0.4909090909090909,0.5788888888888889
1.0,1.5,1.0,p25,both,0.5445544554455446,0.5077777777777778,0.5811111111111111,0.5272727272727272,0.5544444444444444
1.0,1.5,1.0,p25,binder,0.5323903818953324,0.54,0.5755555555555556,0.5151515151515151,0.48777777777777775
1.0,1.5,1.0,p25,target,0.5677982083922678,0.49777777777777776,0.5933333333333334,0.5636363636363636,0.6155555555555555
