target,arm,judged,consensus_pass,boltz_gate,v2_pass,median_boltz_ipsae,median_v2_ipsae,best_consensus,hotspot_ge60,pass_and_hotspot,pass_clusters,gpu_hours,pass_per_gpu_hour
mdm2,default,8,5,7,5,0.815,0.578,0.875,8,5,5,0.2,25.0
mdm2,scaled,20,20,20,20,0.891,0.855,0.913,20,20,20,1.198,16.694
mdm2,funnel_nocycle,20,20,20,20,0.897,0.903,0.909,20,20,20,0.713,28.057
mdm2,funnel,20,20,20,20,0.91,0.915,0.925,20,20,20,1.091,18.331
pdl1,default,8,2,5,3,0.614,0.315,0.669,7,2,2,0.298,6.71
pdl1,scaled,20,16,20,16,0.75,0.701,0.776,20,16,16,1.632,9.806
pdl1,funnel_nocycle,20,20,20,20,0.739,0.762,0.765,20,20,20,1.239,16.144
pdl1,funnel,20,20,20,20,0.762,0.782,0.791,20,20,20,1.812,11.036
fima,default,8,0,0,0,0.174,0.035,0.189,7,0,0,0.242,0.0
fima,scaled,20,9,14,11,0.581,0.506,0.75,20,9,9,1.116,8.068
fima,funnel_nocycle,20,16,20,16,0.722,0.616,0.775,20,16,16,0.864,18.518
fima,funnel,20,20,20,20,0.754,0.807,0.808,20,20,20,1.302,15.358
